Algorithm,Image
Cluster,https://i.imgur.com/4PLPq3D.png
Connection,https://i.imgur.com/EYacabg.png
Convolution,https://i.imgur.com/zcXUnLM.png
Data Repair,https://i.imgur.com/EDqDiWE.png
Deduction,https://i.imgur.com/R4PfqF2.png
Delta.V,https://i.imgur.com/GmSMVYZ.png
Encapsulate,https://i.imgur.com/97Tcs55.png
Feed Forward,https://i.imgur.com/aZz0yYW.png
Inspiration,https://i.imgur.com/6d0O7ZB.png
Iteration,https://i.imgur.com/6xT4fyS.png
Loop Gain,https://i.imgur.com/2PThZpI.png
Lower Limit,https://i.imgur.com/fKpac4Q.png
MLR Matrix,https://i.imgur.com/Jxn4hvX.png
Overflow,https://i.imgur.com/LRicNgT.png
Paradigm,https://i.imgur.com/19TpEFN.png
Perception,https://i.imgur.com/l7EUBbZ.png
Progression,https://i.imgur.com/Jcy4EIA.png
Rationality,https://i.imgur.com/TXvw9D6.png
S.V.M,https://i.imgur.com/bQleCRo.png
Stratagem,https://i.imgur.com/2y6aTCe.png